{"total_effect": {"coef": -0.6150602690575505, "p_value": 2.7618721460741236e-06}, "direct_effect": {"coef": -0.2424141137841916, "p_value": 0.06237137613549479}, "x_to_mediator": {"coef": 0.8896135203592744, "p_value": 1.1449936278049227e-16}, "mediator_effect": {"coef": -0.41888544490967217, "p_value": 9.825447725177006e-16}, "indirect_effect": -0.3726461552733589, "pct_mediated": 60.5869333495334}